201707211921099,1,,,
201707211923017,1,,,()   
201707211924382,2,,,()   
201707211929212,1,,,()   
20170721193058924,1,,,()   
201707211931464,1,,,()   
20170721193253195,1,,,()   
20170724140320968,1,,,
20170724171400199,1,,,
20170730194642213,1,feeff,buoub,0468797867
20170731121023188,1,ge,gr,0943123920
20170802173909434,2,Hello,Me,0476663737
20170802194320819,2,dsfsdvfasdv,safdvasdfvasdfv,0417434234
20170803171509541,2,rueru,rueo,b'MDQ2NzE4OTIzOA=='
20170803173731400,1,boudb,ubuo,b'MDQ4MTIwODEyMA=='
20170803193408279,1,b,w,b'MDQxMjM0NTY3OA=='
20170803194415169,2,oiewcj,oubfuo,b'MDQxMjM5MTAyMQ=='
